,osmid,longitude,latitude,el_dmd,lv_grid,consumers,label,source,voltage,trafo,moved_from_water,cluster_area,grid_id,r,g,b,size,geometry
0,0,6.624249706583921,46.52300131030519,0.33843694915454503,5586-138_0_4,True,9140146485,false,0.9945152086635778,,,,632_0,255,0,0,16.921847457727253,POINT (6.62425 46.523001)
1,1,6.624318706583975,46.52313211030521,0,-1,False,567148190,false,0.9945251792875051,,,,632_0,255,0,0,0,POINT (6.624319 46.523132)
2,2,6.625003606584594,46.52394421030547,0,-1,False,6127840404,false,0.9945784667876282,,,,632_0,255,0,0,0,POINT (6.625004 46.523944)
3,38,6.625487115130115,46.5238290309652,0.11019966969140159,-1,True,intersect_68,false,0.9945729374513771,,,,632_0,255,0,0,5.509983484570079,POINT (6.625487 46.523829)
4,3,6.625963206585751,46.52355841030509,0,-1,False,277945179,false,0.9947339742326811,,,,632_0,255,0,0,0,POINT (6.625963 46.523558)
5,33,6.625128197446526,46.52417654013377,0.31359331396327517,5586-243_0_4,True,intersect_92,false,0.9945648181650059,,,,632_0,255,0,0,15.679665698163758,POINT (6.625128 46.524177)
6,180,6.626255712188732,46.52348655986092,0.07255804369001212,-1,True,intersect_86,false,0.9947593880453305,,,,632_0,255,0,0,3.627902184500606,POINT (6.626256 46.523487)
7,35,6.624759561738396,46.52427072518213,0.0740828549331461,-1,True,92,false,0.9945619632558417,False,False,632.0,632_0,255,0,0,3.7041427466573054,POINT (6.62476 46.524271)
8,95,6.626456206586335,46.52343731030494,0,-1,False,3461281154,false,0.9947783205467913,,,,632_0,255,0,0,0,POINT (6.626456 46.523437)
9,4,6.6210879065807005,46.521213710305005,0.35656619190486627,5586-139_0_6,True,10045925849,false,0.9989579836585284,,,,632_0,255,0,0,17.828309595243315,POINT (6.621088 46.521214)
10,6,6.621098606580719,46.521165310304994,0,-1,False,594739679,false,0.9989604558755586,,,,632_0,255,0,0,0,POINT (6.621099 46.521165)
11,157,6.6215403065813,46.5207587103047,0,-1,False,595249318,false,0.9989994709855181,,,,632_0,255,0,0,0,POINT (6.62154 46.520759)
12,158,6.621319081723469,46.52066899093056,0.07340494059390877,-1,True,intersect_77,false,0.9990108365411635,,,,632_0,255,0,0,3.6702470296954384,POINT (6.621319 46.520669)
13,156,6.6215832257462965,46.5206548815466,0.09637233495294399,-1,True,intersect_60,false,0.9989979939265429,,,,632_0,255,0,0,4.8186167476472,POINT (6.621583 46.520655)
14,5,6.62230810658207,46.521256710304804,0,-1,False,10045925847,false,0.9992182346553855,,,,632_0,255,0,0,0,POINT (6.622308 46.521257)
15,7,6.622409706581984,46.52226121030523,0,-1,False,565075962,false,0.9990685170280795,,,,632_0,255,0,0,0,POINT (6.62241 46.522261)
16,9,6.622506206582331,46.521076910304664,0,-1,False,594739729,false,0.9992482537932585,,,,632_0,255,0,0,0,POINT (6.622506 46.521077)
17,192,6.622298206581861,46.52226891030524,0.09190620283934445,-1,True,565075960,false,0.9990675137894479,,,,632_0,255,0,0,4.595310141967222,POINT (6.622298 46.522269)
18,8,6.621355106580834,46.52204971030535,0,-1,False,565075946,false,0.998988244779248,,,,632_0,255,0,0,0,POINT (6.621355 46.52205)
19,131,6.621410474108253,46.52242703618054,0.109753378212878,-1,True,intersect_46,false,0.9989579821028363,,,,632_0,255,0,0,5.4876689106439,POINT (6.62141 46.522427)
20,107,6.623957206584289,46.519496310303595,0,-1,False,8898770854,false,0.9986108314465334,,,,632_0,255,0,0,0,POINT (6.623957 46.519496)
21,103,6.624515506584493,46.52164381030448,0,-1,False,10243390233,false,0.9997872093691987,,,,632_0,255,0,0,0,POINT (6.624516 46.521644)
22,155,6.622521660043943,46.520635426469404,0.08785796228759932,-1,True,intersect_78,false,0.9991909283917038,,,,632_0,255,0,0,4.392898114379966,POINT (6.622522 46.520635)
23,10,6.6194473065788895,46.52099111030525,0,-1,False,280607,false,0.9987859024964469,,,,632_0,255,0,0,0,POINT (6.619447 46.520991)
24,74,6.6189615995136535,46.520983238903014,0.09032736285811716,-1,True,intersect_57,false,0.9987505068484278,,,,632_0,255,0,0,4.516368142905858,POINT (6.618962 46.520983)
25,194,6.6198635065794456,46.52053371030494,0.08059715247410151,-1,True,8558174520,false,0.9989038026244087,,,,632_0,255,0,0,4.029857623705076,POINT (6.619864 46.520534)
26,61,6.621470706580816,46.5228375103057,0,-1,False,565075948,false,0.9989314561597918,,,,632_0,255,0,0,0,POINT (6.621471 46.522838)
27,179,6.623529048138592,46.5196764273942,0.13321721175540935,-1,True,intersect_85,false,0.9986043066252732,,,,632_0,255,0,0,6.660860587770467,POINT (6.623529 46.519676)
28,106,6.6250436065856,46.51903941030317,0,-1,False,10062804045,false,0.998405131668793,,,,632_0,255,0,0,0,POINT (6.625044 46.519039)
29,108,6.6260321065868055,46.518626710302755,0,-1,False,10062780984,false,0.9982503284656785,,,,632_0,255,0,0,0,POINT (6.626032 46.518627)
30,163,6.62500450658554,46.51915241030324,0.4097659812974073,5586-46_0_6,True,561463444,false,0.9983899620108153,,,,632_0,255,0,0,20.488299064870365,POINT (6.625005 46.519152)
31,105,6.624671206584598,46.52199131030459,0,-1,False,277946450,false,0.999924470048901,,,,632_0,255,0,0,0,POINT (6.624671 46.521991)
32,102,6.624859061645848,46.52156803685154,0.19300665654610089,-1,True,intersect_34,false,0.9997777131522098,,,,632_0,255,0,0,9.650332827305045,POINT (6.624859 46.521568)
33,159,6.625960120997579,46.51865671069734,0.08556271689486351,-1,True,intersect_61,false,0.9982496249307202,,,,632_0,255,0,0,4.278135844743176,POINT (6.62596 46.518657)
34,191,6.627814406588734,46.5190819103026,0.14352515774984062,-1,True,897959601,false,0.99780937208834,,,,632_0,255,0,0,7.176257887492031,POINT (6.627814 46.519082)
35,27,6.6225299065824785,46.520454910304366,0,-1,False,595249401,false,0.9991677671395166,,,,632_0,255,0,0,0,POINT (6.62253 46.520455)
36,73,6.618273806577561,46.520965910305485,0,-1,False,4601363171,false,0.9987011247307646,,,,632_0,255,0,0,0,POINT (6.618274 46.520966)
37,172,6.620168606579862,46.52018511030471,0,-1,False,8558174513,false,0.9989479933453498,,,,632_0,255,0,0,0,POINT (6.620169 46.520185)
38,11,6.621205006580336,46.52371651030614,0.3381333031755642,5586-140_0_5,True,9766613094,false,0.9940450039577751,,,,632_0,255,0,0,16.90666515877821,POINT (6.621205 46.523717)
39,13,6.62121150658034,46.52374961030619,0,-1,False,1866048492,false,0.9940466112881025,,,,632_0,255,0,0,0,POINT (6.621212 46.52375)
40,14,6.621413006580495,46.5241026103063,0,-1,False,8447079647,false,0.9941020654154797,,,,632_0,255,0,0,0,POINT (6.621413 46.524103)
41,12,6.621790424171712,46.52369484821138,0.07638762067536672,-1,True,intersect_64,false,0.9940399448415568,,,,632_0,255,0,0,3.819381033768336,POINT (6.62179 46.523695)
42,15,6.619727406578477,46.52467631030692,0,-1,False,4130341390,false,0.9945421220551397,,,,632_0,255,0,0,0,POINT (6.619727 46.524676)
43,164,6.621737055167285,46.52424536172102,0.17092704380149482,-1,True,intersect_63,false,0.994010989826306,,,,632_0,255,0,0,8.54635219007474,POINT (6.621737 46.524245)
44,21,6.619542606578251,46.524765010306986,0.2973767575836617,5586-164_0_4,True,583412285,false,0.9945941042705718,,,,632_0,255,0,0,14.868837879183086,POINT (6.619543 46.524765)
45,165,6.621879106580941,46.52450301030634,0,-1,False,8447079646,false,0.9939233149022637,,,,632_0,255,0,0,0,POINT (6.621879 46.524503)
46,22,6.61818920657658,46.525452710307626,0,-1,False,563021204,false,0.9952582728086479,,,,632_0,255,0,0,0,POINT (6.618189 46.525453)
47,16,6.628273906589223,46.51921481030258,0.2860408435635674,5586-14_0_4,True,564145994,false,0.9977322233586509,,,,632_0,255,0,0,14.30204217817837,POINT (6.628274 46.519215)
48,17,6.6282194065891815,46.51912311030253,0,-1,False,330168199,false,0.9977481040859686,,,,632_0,255,0,0,0,POINT (6.628219 46.519123)
49,18,6.628416806589352,46.51937981030261,0,-1,False,897959546,false,0.997701111414425,,,,632_0,255,0,0,0,POINT (6.628417 46.51938)
50,19,6.628149006589126,46.5189956103025,0,-1,False,897959616,false,0.997769965674171,,,,632_0,255,0,0,0,POINT (6.628149 46.518996)
51,20,6.629214806590181,46.51977681030264,0,-1,False,582971921,false,0.9975631751862637,,,,632_0,255,0,0,0,POINT (6.629215 46.519777)
52,187,6.629384706590322,46.52002631030272,0,-1,False,334242859,false,0.9974915525312903,,,,632_0,255,0,0,0,POINT (6.629385 46.520026)
53,190,6.629248206590201,46.51986351030266,0.3653414078080383,5586-23_0_6,True,347672313,false,0.9975492532465559,,,,632_0,255,0,0,18.267070390401916,POINT (6.629248 46.519864)
54,119,6.6295572065903565,46.52083261030304,0,-1,False,10263308786,false,0.9970555734859523,,,,632_0,255,0,0,0,POINT (6.629557 46.520833)
55,23,6.617710906575991,46.52569591030783,0.25840570625891013,5586-39_0_4,True,598646930,false,0.9952432498578343,,,,632_0,255,0,0,12.920285312945506,POINT (6.617711 46.525696)
56,24,6.61757430657602,46.524778810307374,0,-1,False,8487157071,false,0.9955880959774916,,,,632_0,255,0,0,0,POINT (6.617574 46.524779)
57,58,6.617447671648696,46.52440980128878,0.2953658753707055,-1,True,56,false,0.9958262752464866,False,False,632.0,632_0,255,0,0,14.768293768535276,POINT (6.617448 46.52441)
58,57,6.617587480821412,46.524342571937,0.3773865154096153,5586-33_0_4,True,intersect_56,false,0.9958799094987707,,,,632_0,255,0,0,18.869325770480767,POINT (6.617587 46.524343)
59,25,6.622438185103201,46.51947839735866,0.3017340302984099,5586-198_0_5,True,intersect_6,false,0.999116429389443,,,,632_0,255,0,0,15.086701514920495,POINT (6.622438 46.519478)
60,26,6.622873306582983,46.519868810304,0,-1,False,563021122,false,0.9991378107250988,,,,632_0,255,0,0,0,POINT (6.622873 46.519869)
61,152,6.621831306581707,46.52037231030445,0.35432445212299896,-1,True,intersect_59,false,0.9991031903871157,,,,632_0,255,0,0,17.716222606149948,POINT (6.621831 46.520372)
62,153,6.621531006581378,46.52032331030453,0,-1,False,8572813072,false,0.9990774478671307,,,,632_0,255,0,0,0,POINT (6.621531 46.520323)
63,28,6.623376906582662,46.52438921030598,0.19402518085057172,5586-241_0_2,True,598677170,false,0.9928428976093456,,,,632_0,255,0,0,9.701259042528585,POINT (6.623377 46.524389)
64,30,6.6233220065825895,46.52446201030604,0,-1,False,598677169,false,0.9928461260650482,,,,632_0,255,0,0,0,POINT (6.623322 46.524462)
65,31,6.623588016155767,46.524299820328025,0.08235728640820571,-1,True,intersect_66,false,0.992840892879785,,,,632_0,255,0,0,4.117864320410285,POINT (6.623588 46.5243)
66,32,6.6239748065831945,46.525140010306224,0,-1,False,331239554,false,0.9928873125308059,,,,632_0,255,0,0,0,POINT (6.623975 46.52514)
67,29,6.622944642688786,46.52433671807668,0.0737741869335663,-1,True,intersect_65,false,0.9928415063800461,,,,632_0,255,0,0,3.6887093466783147,POINT (6.622945 46.524337)
68,40,6.621744806580665,46.5251528103067,0,-1,False,598677107,false,0.9937025798831854,,,,632_0,255,0,0,0,POINT (6.621745 46.525153)
69,39,6.624326207657458,46.524993736624914,0.3436563707845966,5586-244_0_4,True,intersect_11,false,0.992840555601604,,,,632_0,255,0,0,17.18281853922983,POINT (6.624326 46.524994)
70,193,6.621949606580922,46.5250429103066,0.2656148784668835,5586-240_0_3,True,598677105,false,0.9937409166341385,,,,632_0,255,0,0,13.280743923344174,POINT (6.62195 46.525043)
71,37,6.62469430658406,46.52484051030597,0,-1,False,331239557,false,0.9928060938449915,,,,632_0,255,0,0,0,POINT (6.624694 46.524841)
72,34,6.625662306585161,46.52484031030575,0,-1,False,9812549574,false,0.9927287270145311,,,,632_0,255,0,0,0,POINT (6.625662 46.52484)
73,36,6.625984706585549,46.52472951030562,0,-1,False,9812552773,false,0.9926923484690126,,,,632_0,255,0,0,0,POINT (6.625985 46.52473)
74,149,6.62623638778626,46.52455112264217,0.11137034098492961,-1,True,intersect_54,false,0.9926768370463601,,,,632_0,255,0,0,5.568517049246481,POINT (6.626236 46.524551)
75,41,6.624454394243467,46.524628177110245,0.09843241969588525,-1,True,intersect_76,false,0.9927915254373157,,,,632_0,255,0,0,4.921620984794262,POINT (6.624454 46.524628)
76,150,6.626440506586114,46.5244623103054,0.3257027260636579,5586-90_0_4,True,258755819,false,0.9926650817807959,,,,632_0,255,0,0,16.285136303182895,POINT (6.626441 46.524462)
77,42,6.624390706583772,46.524571810305865,0,-1,False,331239551,false,0.9927886592828917,,,,632_0,255,0,0,0,POINT (6.624391 46.524572)
78,166,6.6221066065811165,46.52495761030652,0,-1,False,4130339487,false,0.9937756470589997,,,,632_0,255,0,0,0,POINT (6.622107 46.524958)
79,65,6.624069106583478,46.524242510305804,0.2817342835301957,5586-352_0_4,True,331239541,false,0.9927727384960333,,,,632_0,255,0,0,14.086714176509785,POINT (6.624069 46.524243)
80,43,6.630155944804141,46.52171716094363,0.3808861951874713,5586-322_0_5,True,intersect_71,false,0.9968246684858788,,,,632_0,255,0,0,19.044309759373565,POINT (6.630156 46.521717)
81,44,6.630296831290015,46.52180205502867,0.06840780655538548,-1,True,71,false,0.996823416293926,False,False,632.0,632_0,255,0,0,3.4203903277692738,POINT (6.630297 46.521802)
82,45,6.6297914065903845,46.52202861030356,0,-1,False,3461339412,false,0.9968502513472592,,,,632_0,255,0,0,0,POINT (6.629791 46.522029)
83,47,6.629429006589997,46.52191651030359,0,-1,False,9169589728,false,0.9968806015166676,,,,632_0,255,0,0,0,POINT (6.629429 46.521917)
84,48,6.629835806590492,46.521739110303436,0,-1,False,3461299193,false,0.9968459161915673,,,,632_0,255,0,0,0,POINT (6.629836 46.521739)
85,46,6.630698906591341,46.52238351030352,0,-1,False,970510919,false,0.9962233655838396,,,,632_0,255,0,0,0,POINT (6.630699 46.522384)
86,81,6.630866806591533,46.52237321030353,0,-1,False,9483054210,false,0.996217414285443,,,,632_0,255,0,0,0,POINT (6.630867 46.522373)
87,171,6.630803782363254,46.522689975590836,0.07979746754325347,-1,True,intersect_73,false,0.9962395434299789,,,,632_0,255,0,0,3.9898733771626733,POINT (6.630804 46.52269)
88,86,6.628749006589142,46.52236561030391,0,-1,False,9812552774,false,0.9967900212540353,,,,632_0,255,0,0,0,POINT (6.628749 46.522366)
89,146,6.6293409436740705,46.52179294039233,0.11148911162190799,-1,True,intersect_52,false,0.99689688098467,,,,632_0,255,0,0,5.574455581095399,POINT (6.629341 46.521793)
90,168,6.629846345600133,46.521731113622394,0.07861723101198338,-1,True,intersect_69,false,0.9968457956084661,,,,632_0,255,0,0,3.930861550599169,POINT (6.629846 46.521731)
91,80,6.630862806591514,46.5224415103035,0.3613963153507399,5586-49_0_5,True,9483054211,false,0.9962138817434615,,,,632_0,255,0,0,18.069815767536994,POINT (6.630863 46.522442)
92,54,6.631018506591591,46.522954510303755,0,-1,False,695205966,false,0.9962585404490187,,,,632_0,255,0,0,0,POINT (6.631019 46.522955)
93,147,6.629008006589417,46.52242641030392,0,-1,False,9812552775,false,0.9967613500462382,,,,632_0,255,0,0,0,POINT (6.629008 46.522426)
94,173,6.62869370658909,46.52228521030388,0.0684783564034952,-1,True,intersect_79,false,0.9967891568443977,,,,632_0,255,0,0,3.42391782017476,POINT (6.628694 46.522285)
95,169,6.629167130343915,46.522644553976484,0.23228362666086066,5586-323_0_4,True,intersect_81,false,0.9967350970141279,,,,632_0,255,0,0,11.614181333043033,POINT (6.629167 46.522645)
96,116,6.629235306589836,46.52162181030349,0,-1,False,5831762853,false,0.9969192698177752,,,,632_0,255,0,0,0,POINT (6.629235 46.521622)
97,49,6.629941306590307,46.52328551030414,0.33136124464593514,5586-324_0_5,True,695205962,false,0.996447702323266,,,,632_0,255,0,0,16.568062232296757,POINT (6.629941 46.523286)
98,50,6.630000106590372,46.523302210304124,0,-1,False,253402053,false,0.9964396357205005,,,,632_0,255,0,0,0,POINT (6.63 46.523302)
99,51,6.629540006589885,46.523140110304084,0,-1,False,253402054,false,0.9965200716049641,,,,632_0,255,0,0,0,POINT (6.62954 46.52314)
100,52,6.630634117897449,46.52308966202475,0.1529271423786068,-1,True,intersect_72,false,0.9963034600489858,,,,632_0,255,0,0,7.64635711893034,POINT (6.630634 46.52309)
101,56,6.629377267046944,46.522932659546875,0.07668616531266864,-1,True,intersect_70,false,0.9965987102594819,,,,632_0,255,0,0,3.834308265633432,POINT (6.629377 46.522933)
102,99,6.629129206589327,46.523598510304446,0.41232227023055246,5586-87_0_5,True,3761311896,false,0.9962448879261822,,,,632_0,255,0,0,20.616113511527622,POINT (6.629129 46.523599)
103,53,6.63077077494172,46.52304324696467,0.12838850763846002,-1,True,intersect_75,false,0.996286371588169,,,,632_0,255,0,0,6.419425381923001,POINT (6.630771 46.523043)
104,100,6.628983606589154,46.523631710304485,0,-1,False,582984956,false,0.996193149512314,,,,632_0,255,0,0,0,POINT (6.628984 46.523632)
105,78,6.631329606591885,46.52324951030385,0,-1,False,280650,false,0.9962229404662486,,,,632_0,255,0,0,0,POINT (6.63133 46.52325)
106,79,6.6312693065917925,46.52337281030387,0,-1,False,3788064149,false,0.9962147872186575,,,,632_0,255,0,0,0,POINT (6.631269 46.523373)
107,178,6.631438006591985,46.523340810303864,0,-1,False,8515374278,false,0.9962134599398899,,,,632_0,255,0,0,0,POINT (6.631438 46.523341)
108,181,6.631382631632068,46.52350178476777,0.09043727678612491,-1,True,intersect_87,false,0.9962113170513641,,,,632_0,255,0,0,4.521863839306246,POINT (6.631383 46.523502)
109,77,6.631564106592164,46.523182010303756,0.33727295484419617,5586-48_0_4,True,3520685572,false,0.9962145565551794,,,,632_0,255,0,0,16.863647742209807,POINT (6.631564 46.523182)
110,151,6.630974653759716,46.523749699333955,0.07182580904011954,-1,True,intersect_55,false,0.996205525283753,,,,632_0,255,0,0,3.591290452005977,POINT (6.630975 46.52375)
111,170,6.629423466008343,46.522555443495214,0.08554225876740242,-1,True,81,false,0.9967326941257743,False,False,632.0,632_0,255,0,0,4.277112938370121,POINT (6.629423 46.522555)
112,59,6.617448806575997,46.52420031030717,0,-1,False,598646683,false,0.9959673300686442,,,,632_0,255,0,0,0,POINT (6.617449 46.5242)
113,60,6.616162106574497,46.52439721030751,0,-1,False,568000964,false,0.9966739544804641,,,,632_0,255,0,0,0,POINT (6.616162 46.524397)
114,129,6.616130606574477,46.524332510307495,0.11946053085125087,-1,True,intersect_43,false,0.9967087291702613,,,,632_0,255,0,0,5.973026542562543,POINT (6.616131 46.524333)
115,62,6.620573706579788,46.52290141030592,0,-1,False,2303917904,false,0.9988914037711542,,,,632_0,255,0,0,0,POINT (6.620574 46.522901)
116,132,6.62034531657439,46.52291759698185,0.3336006815531074,-1,True,intersect_47,false,0.9988812006963294,,,,632_0,255,0,0,16.68003407765537,POINT (6.620345 46.522918)
117,63,6.618916706577958,46.52263631030613,0,-1,False,591934492,false,0.9983558281275428,,,,632_0,255,0,0,0,POINT (6.618917 46.522636)
118,136,6.61891470657804,46.52223391030594,0,-1,False,591934488,false,0.9983788941045529,,,,632_0,255,0,0,0,POINT (6.618915 46.522234)
119,64,6.619001106577919,46.52332961030643,0,-1,False,8450775930,false,0.9983356670395737,,,,632_0,255,0,0,0,POINT (6.619001 46.52333)
120,135,6.618480814806601,46.52263837754801,0.3202358471052114,-1,True,intersect_48,false,0.9983421816590942,,,,632_0,255,0,0,16.01179235526057,POINT (6.618481 46.522638)
121,140,6.618624982790263,46.523334399340015,0.08592491025748149,-1,True,intersect_50,false,0.9983325093220546,,,,632_0,255,0,0,4.296245512874075,POINT (6.618625 46.523334)
122,76,6.61538430657379,46.523506810307296,0,-1,False,4553078971,false,0.997486026240432,,,,632_0,255,0,0,0,POINT (6.615384 46.523507)
123,133,6.6203423065795235,46.52291781030596,0,-1,False,2303792182,false,0.9988811648703457,,,,632_0,255,0,0,0,POINT (6.620342 46.522918)
124,138,6.618662364160041,46.52223918541408,0.1988391196707641,-1,True,intersect_49,false,0.998388875523761,,,,632_0,255,0,0,9.941955983538204,POINT (6.618662 46.522239)
125,66,6.616769206575531,46.52265221030658,0.3481815588354565,5586-35_0_4,True,564336944,false,0.998157377033673,,,,632_0,255,0,0,17.409077941772825,POINT (6.616769 46.522652)
126,67,6.616771206575458,46.52301521030679,0,-1,False,564336950,false,0.9980690776017724,,,,632_0,255,0,0,0,POINT (6.616771 46.523015)
127,68,6.616746906575576,46.52227591030642,0,-1,False,564336938,false,0.9981873750482817,,,,632_0,255,0,0,0,POINT (6.616747 46.522276)
128,70,6.617744106576495,46.52334561030672,0,-1,False,9751075315,false,0.9980554801386425,,,,632_0,255,0,0,0,POINT (6.617744 46.523346)
129,130,6.6158542507274865,46.52349842120797,0.21536020523862542,-1,True,intersect_44,false,0.9976568367495923,,,,632_0,255,0,0,10.768010261931272,POINT (6.615854 46.523498)
130,71,6.616555428644815,46.52228019528583,0.09004987742453757,-1,True,intersect_83,false,0.9981979018265397,,,,632_0,255,0,0,4.5024938712268785,POINT (6.616555 46.52228)
131,69,6.617565406576508,46.52226211030619,0,-1,False,568000921,false,0.9984037131675931,,,,632_0,255,0,0,0,POINT (6.617565 46.522262)
132,137,6.618025761649331,46.52225249081606,0.14263195369700934,-1,True,intersect_88,false,0.9984301588265705,,,,632_0,255,0,0,7.131597684850467,POINT (6.618026 46.522252)
133,167,6.6172991675832735,46.521793946956194,0.11082985315848547,-1,True,intersect_67,false,0.9983170838951607,,,,632_0,255,0,0,5.541492657924273,POINT (6.617299 46.521794)
134,141,6.618020833592629,46.52334208912107,0.09595703357496027,-1,True,intersect_84,false,0.9980528840044168,,,,632_0,255,0,0,4.797851678748014,POINT (6.618021 46.523342)
135,75,6.6165630065754595,46.521817610306236,0,-1,False,563021186,false,0.9982757721616933,,,,632_0,255,0,0,0,POINT (6.616563 46.521818)
136,139,6.618562557640625,46.522241271670815,0.07106004053965395,-1,True,intersect_90,false,0.9983947640916349,,,,632_0,255,0,0,3.5530020269826976,POINT (6.618563 46.522241)
137,72,6.61809730657726,46.52150081030578,0.32527540849858627,5586-36_0_5,True,4174410504,false,0.998583001903792,,,,632_0,255,0,0,16.263770424929312,POINT (6.618097 46.521501)
138,177,6.631599404820894,46.52323628410418,0.07756678735547445,-1,True,intersect_82,false,0.996211649322061,,,,632_0,255,0,0,3.8783393677737226,POINT (6.631599 46.523236)
139,82,6.626426306586466,46.522600110304516,0.34362909165534716,5586-83_0_5,True,277945154,false,0.9951515137437656,,,,632_0,255,0,0,17.18145458276736,POINT (6.626426 46.5226)
140,83,6.62680150658682,46.52296151030463,0,-1,False,277945167,false,0.9951845395080361,,,,632_0,255,0,0,0,POINT (6.626802 46.522962)
141,85,6.62648780658644,46.523085010304776,0,-1,False,277945163,false,0.9949445687988472,,,,632_0,255,0,0,0,POINT (6.626488 46.523085)
142,88,6.62782700658798,46.5229594103044,0,-1,False,430797302,false,0.9955607904090449,,,,632_0,255,0,0,0,POINT (6.627827 46.522959)
143,84,6.626838806586798,46.52328451030476,0,-1,False,277945176,false,0.994847273381369,,,,632_0,255,0,0,0,POINT (6.626839 46.523285)
144,92,6.627046906587008,46.523414210304786,0.292273585039952,5586-85_0_4,True,258755801,false,0.9948249631544789,,,,632_0,255,0,0,14.613679251997599,POINT (6.627047 46.523414)
145,185,6.626212938275034,46.52315586847915,0.07011150680689791,-1,True,intersect_93,false,0.9949317406203957,,,,632_0,255,0,0,3.5055753403448957,POINT (6.626213 46.523156)
146,87,6.627584406587797,46.52250901030427,0,-1,False,253488449,false,0.995533358808078,,,,632_0,255,0,0,0,POINT (6.627584 46.522509)
147,182,6.627519893155129,46.52237729280209,0.10971067011981445,-1,True,intersect_89,false,0.9955257384739933,,,,632_0,255,0,0,5.485533505990722,POINT (6.62752 46.522377)
148,89,6.628007406588143,46.523173810304456,0.3188510431826687,5586-84_0_5,True,276784944,false,0.9956712428948196,,,,632_0,255,0,0,15.942552159133436,POINT (6.628007 46.523174)
149,96,6.6266376065865025,46.52363121030498,0,-1,False,8832720771,false,0.9947719159768639,,,,632_0,255,0,0,0,POINT (6.626638 46.523631)
150,196,6.626654606586514,46.523665010304995,0.1613777397947414,-1,True,9827004461,false,0.9947710949669308,,,,632_0,255,0,0,8.06888698973707,POINT (6.626655 46.523665)
151,93,6.627200706587165,46.523502010304775,0,-1,False,8832720780,false,0.99481479685544,,,,632_0,255,0,0,0,POINT (6.627201 46.523502)
152,148,6.625807906585637,46.523261010305,0,-1,False,277945181,false,0.9949157913533774,,,,632_0,255,0,0,0,POINT (6.625808 46.523261)
153,176,6.627424106587697,46.52208161030411,0,-1,False,505190,false,0.9955136848154719,,,,632_0,255,0,0,0,POINT (6.627424 46.522082)
154,90,6.628163616691573,46.523329170934765,0.07770676899221605,-1,True,intersect_74,false,0.9957640143148345,,,,632_0,255,0,0,3.8853384496108028,POINT (6.628164 46.523329)
155,91,6.628339906588453,46.523485610304526,0,-1,False,276784946,false,0.995868065385087,,,,632_0,255,0,0,0,POINT (6.62834 46.523486)
156,94,6.627543806587483,46.523851310304885,0,-1,False,277059570,false,0.9947806110391215,,,,632_0,255,0,0,0,POINT (6.627544 46.523851)
157,98,6.627694806587617,46.52406051030494,0,-1,False,258755803,false,0.9947543221332001,,,,632_0,255,0,0,0,POINT (6.627695 46.524061)
158,97,6.627867706587826,46.52396091030486,0.2054893984159982,5586-86_0_2,True,277059592,false,0.99474978899175,,,,632_0,255,0,0,10.274469920799909,POINT (6.627868 46.523961)
159,101,6.627396006587251,46.524197410305085,0.314834701595188,5586-91_0_4,True,258755805,false,0.994737468165493,,,,632_0,255,0,0,15.741735079759401,POINT (6.627396 46.524197)
160,104,6.625420552268432,46.5214344533058,0.07686541086216536,-1,True,intersect_35,false,0.9997732730694412,,,,632_0,255,0,0,3.843270543108268,POINT (6.625421 46.521434)
161,128,6.624773871514516,46.52218906510997,0.13884461999369646,-1,True,intersect_42,false,0.9999924343179176,,,,632_0,255,0,0,6.942230999684823,POINT (6.624774 46.522189)
162,127,6.624785206584685,46.522210910304715,0,-1,False,277945204,true,1,,,,632_0,105,204,164,21.646919187104004,POINT (6.624785 46.522211)
163,160,6.625531539978385,46.51926322085459,0.19679065482045702,-1,True,intersect_62,false,0.9983775529105179,,,,632_0,255,0,0,9.83953274102285,POINT (6.625532 46.519263)
164,161,6.625255206585787,46.51932141030324,0,-1,False,564116149,false,0.9983831109367373,,,,632_0,255,0,0,0,POINT (6.625255 46.519321)
165,162,6.625043606585568,46.51920671030325,0,-1,False,564116151,false,0.9983882746510828,,,,632_0,255,0,0,0,POINT (6.625044 46.519207)
166,110,6.626086506586274,46.521624410304156,0.26326394617092297,5586-27_0_4,True,277947890,false,0.9966768468862589,,,,632_0,255,0,0,13.163197308546149,POINT (6.626087 46.521624)
167,122,6.626201006586365,46.52184311030424,0,-1,False,277945199,false,0.9966855310665916,,,,632_0,255,0,0,0,POINT (6.626201 46.521843)
168,124,6.625854297030679,46.52193488279533,0.10450093371058153,-1,True,intersect_40,false,0.9966817331781446,,,,632_0,255,0,0,5.225046685529076,POINT (6.625854 46.521935)
169,120,6.626571558213075,46.52175347613208,0.10395741839952102,-1,True,intersect_39,false,0.9966996596562041,,,,632_0,255,0,0,5.197870919976051,POINT (6.626572 46.521753)
170,111,6.629342056721502,46.52113273689403,0.07490587643033532,-1,True,intersect_36,false,0.9969763533555658,,,,632_0,255,0,0,3.745293821516766,POINT (6.629342 46.521133)
171,112,6.6291482128544725,46.52117048795287,0.1796164973927871,-1,True,intersect_37,false,0.9969499230625773,,,,632_0,255,0,0,8.980824869639354,POINT (6.629148 46.52117)
172,113,6.629586606590342,46.52108511030318,0,-1,False,277945211,false,0.9970115586324466,,,,632_0,255,0,0,0,POINT (6.629587 46.521085)
173,114,6.628775306589393,46.52124311030341,0,-1,False,5319971375,false,0.9969058882370307,,,,632_0,255,0,0,0,POINT (6.628775 46.521243)
174,115,6.629653306590422,46.52107251030315,0.15889871716110412,-1,True,intersect_96,false,0.9970185258812785,,,,632_0,255,0,0,7.9449358580552065,POINT (6.629653 46.521073)
175,117,6.6286678065893145,46.52102341030332,0.2360890032776486,5586-28_0_4,True,5319971373,false,0.996898123844998,,,,632_0,255,0,0,11.804450163882429,POINT (6.628668 46.521023)
176,118,6.62838803895527,46.52132945097033,0.19585220674222822,-1,True,intersect_38,false,0.9968690328972786,,,,632_0,255,0,0,9.79261033711141,POINT (6.628388 46.521329)
177,189,6.628001706588531,46.52117601030354,0,-1,False,9601836987,false,0.9968207042552608,,,,632_0,255,0,0,0,POINT (6.628002 46.521176)
178,195,6.627666206588136,46.52125281030364,0,-1,False,3578313013,false,0.9967954671647761,,,,632_0,255,0,0,0,POINT (6.627666 46.521253)
179,121,6.62692920658722,46.52166781030403,0,-1,False,1577380106,false,0.9967171306466641,,,,632_0,255,0,0,0,POINT (6.626929 46.521668)
180,123,6.627240806587587,46.52159481030393,0,-1,False,5319971361,false,0.9967322715899851,,,,632_0,255,0,0,0,POINT (6.627241 46.521595)
181,188,6.627773306588215,46.52147101030373,0.2582833137127583,5586-24_0_5,True,3578313011,false,0.9967716284219259,,,,632_0,255,0,0,12.914165685637915,POINT (6.627773 46.521471)
182,125,6.625377906585326,46.522356310304595,0.07166253991779754,-1,True,intersect_41,false,0.9999880376006748,,,,632_0,255,0,0,3.5831269958898773,POINT (6.625378 46.522356)
183,126,6.625423106585381,46.52234501030465,0,-1,False,387423493,false,0.9999883738909193,,,,632_0,255,0,0,0,POINT (6.625423 46.522345)
184,134,6.620109206579252,46.52293431030605,0.1212519606650143,5586-137_0_2,True,2303792185,false,0.9988783972558813,,,,632_0,255,0,0,6.062598033250715,POINT (6.620109 46.522934)
185,142,6.625249948897659,46.52307576884044,0.23912946273281083,-1,True,intersect_51,false,0.9948858198851454,,,,632_0,255,0,0,11.956473136640541,POINT (6.62525 46.523076)
186,143,6.625269906585066,46.52306981030499,0,-1,False,598694443,false,0.9948863301300548,,,,632_0,255,0,0,0,POINT (6.62527 46.52307)
187,144,6.625337306585122,46.52317651030504,0.13698554551221312,-1,True,intersect_53,false,0.9948902864716319,,,,632_0,255,0,0,6.849277275610656,POINT (6.625337 46.523177)
188,145,6.625506306585323,46.52312611030499,0,-1,False,598694449,false,0.9948970788365455,,,,632_0,255,0,0,0,POINT (6.625506 46.523126)
189,154,6.62107030658081,46.52056311030465,0,-1,False,595249273,false,0.9990258617907558,,,,632_0,255,0,0,0,POINT (6.62107 46.520563)
190,174,6.628356565061919,46.52184605128032,0.07882666580783117,-1,True,intersect_80,false,0.9955060315052653,,,,632_0,255,0,0,3.9413332903915586,POINT (6.628357 46.521846)
191,175,6.628220506588639,46.52188041030382,0,-1,False,5319971358,false,0.9955071510200878,,,,632_0,255,0,0,0,POINT (6.628221 46.52188)
192,183,6.627171006587397,46.52214501030414,0,-1,False,1577380107,false,0.9955084699641996,,,,632_0,255,0,0,0,POINT (6.627171 46.522145)
193,184,6.627075415220648,46.5221674882693,0.10383732915216813,-1,True,intersect_95,false,0.9955065082050899,,,,632_0,255,0,0,5.191866457608406,POINT (6.627075 46.522167)
194,186,6.626884505607812,46.52221237967952,0.09436323347536237,-1,True,intersect_94,false,0.9955046427092309,,,,632_0,255,0,0,4.718161673768118,POINT (6.626885 46.522212)
